Workbook

Sheet 別紙
A2: 契約書別紙
A4: =+[1]基本情報!D3&" "&[1]基本情報!E3 | B4: 様
A6: 利用料金の変更がありましたので、新たに契約書別紙を取り交わさせて頂きます。
A8: ="令和8年 "& E10 & "・" & G10 & "月利用料金" -> 令和8年 1・2月利用料金
A10: 種目 | B10: 商品名 | C10: 利用者負担額 | D10: 数量 | E10: 1 | F10: 月利用者負担 | G10: =E10+1 -> 2 | H10: 月利用者負担
A11: 特殊寝台付属品 | B11: サイドレール K S- 161Q 2本 | C11: 50 | D11: 3 | F11: 150 | H11: 150 | P11: =[1]入替後別紙用!F3 -> 00030-000142
A12: 特殊寝台付属品 | B12: サイドレール KS-151Q 1本 | C12: 25 | D12: 5 | F12: 125 | H12: 125 | P12: =[1]入替後別紙用!F4 -> 0
A13: 特殊寝台付属品 | B13: ﾃｲｺﾌﾞ移乗用介助ﾍﾞﾙﾄ(AB31) | C13: 110 | D13: 1 | F13: 55 | H13: 110 | P13: =[1]入替後別紙用!F5 -> 0
P14: =[1]入替後別紙用!F6 -> 0
P15: =[1]入替後別紙用!F7 -> 0
P16: =[1]入替後別紙用!F8 -> 0
P17: =[1]入替後別紙用!F9 -> 0
P18: =[1]入替後別紙用!F10 -> 0
P19: =[1]入替後別紙用!F11 -> 0
P20: =[1]入替後別紙用!F12 -> 0
P21: =[1]入替後別紙用!F13 -> 0
P22: =[1]入替後別紙用!F14 -> 0
P23: =[1]入替後別紙用!F15 -> 0
P24: =[1]入替後別紙用!F16 -> 0
P25: =[1]入替後別紙用!F17 -> 0
P26: =[1]入替後別紙用!F18 -> 0
A27: 合計 | E27: =+SUM(E11:F26) -> 330 | G27: =+SUM(G11:H26) -> 385
A29: （１）介護保険の適用がある場合は、料金表のサービス費の1割もしくは２割又は3割が利用者負担金となります。
A30: （２）利用者負担金は契約開始月については使用月末締めの翌々月６日にご指定の金融機関の口座から引き落としをさ
A31: せていただきます。（注）金融機関休業日の場合は翌営業日となります。
A32: （３）尚、契約起算日が月の１５日以前の場合においては月額の全額を、１６日以降の場合においては１/２の料金を請求
A33: させていただきます。解約の場合も同様に月の１５日以前の解約については月額の１/２を、１６日以降の解約について
A34: は１ヶ月分の料金を請求させていただきます。
A36: 別紙（介護予防）福祉用具貸与サービス契約約款及び本書の契約内容を証するため、本書２通を作成し、利用者、事業者
A37: が署名押印の上、各自１通保有するものとします。
A38: 同様に、介護保険制度にて義務づけられているサービス担当者会議の開催と必要と認められる場合において、利用者様
A39: の個人情報を用いることについての説明を受け、同意するものといたします。
A41: 令和 年 月 日
A43: 契約者住所 .
... A51: ＜管理者名＞ 中 山 健 司 ㊞
